TCP ID,Question,website
A23770,What is the main difference between a computer program and computer software?,https://www.guru99.com/software-engineering-interview-questions.html
A25198,What is software re-engineering?,https://www.guru99.com/software-engineering-interview-questions.html
A25743, In software development process what is the meaning of debugging?,https://www.guru99.com/software-engineering-interview-questions.html
A26249, How can you make sure that your code is both safe and fast?,https://www.guru99.com/software-engineering-interview-questions.html
A26426,"What is the main difference between a stubs, a mock?",https://www.guru99.com/software-engineering-interview-questions.html
A26482,What are function points?,https://www.guru99.com/software-engineering-interview-questions.html
A28171,What are software requirements?,https://www.guru99.com/software-engineering-interview-questions.html
A28209,What are functional and non-functional requirements?,https://www.guru99.com/software-engineering-interview-questions.html
A28989, What is modularization?,https://www.guru99.com/software-engineering-interview-questions.html
